<?xml version="1.0" encoding="UTF-8"?>
<beans:beans xmlns="http://www.springframework.org/schema/mvc"
	xmlns:xsi="http://www.w3.org/2001/XMLSchema-instance"
	xmlns:beans="http://www.springframework.org/schema/beans"
	xmlns:context="http://www.springframework.org/schema/context"
	xsi:schemaLocation="http://www.springframework.org/schema/mvc https://www.springframework.org/schema/mvc/spring-mvc.xsd
		http://www.springframework.org/schema/beans https://www.springframework.org/schema/beans/spring-beans.xsd
		http://www.springframework.org/schema/context https://www.springframework.org/schema/context/spring-context.xsd">

	<!-- DispatcherServlet Context: defines this servlet's request-processing infrastructure -->
	
	<!-- Enables the Spring MVC @Controller programming model -->
	<annotation-driven />

	<!-- Handles HTTP GET requests for /resources/** by efficiently serving up static resources in the ${webappRoot}/resources directory -->
	<resources mapping="/upload/**" location="/upload/" />
	<resources mapping="/img/**" location="/img/" />
	<resources mapping="/inc/**" location="/inc/" />
	
	<!-- Resolves views selected for rendering by @Controllers to .jsp resources in the /WEB-INF/views directory -->
	<beans:bean class="org.springframework.web.servlet.view.InternalResourceViewResolver">
		<beans:property name="prefix" value="/WEB-INF/views/" />
		<beans:property name="suffix" value=".jsp" />
	</beans:bean>
	
	<!-- 메일 -->
	<beans:bean id="mainSender" class="org.springframework.mail.javamail.JavaMailSenderImpl">
		<beans:property name="host" value="smtp.naver.com"></beans:property>
		<beans:property name="port" value="587"></beans:property>
		<beans:property name="username" value="chg30528@naver.com"></beans:property>
		<beans:property name="password" value="icecream0612?"></beans:property>
		<beans:property name="defaultEncoding" value="UTF-8"></beans:property>
		<beans:property name="javaMailProperties">
			<beans:props>
				<beans:prop key="mail.debug">true</beans:prop>
				<beans:prop key="mail.tranport.protocol">smtp</beans:prop>
				<beans:prop key="mail.smtp.auth">true</beans:prop>
				<beans:prop key="mail.smtp.starttls.enable">true</beans:prop>
			</beans:props>
		</beans:property>
	</beans:bean>
	
	<context:component-scan base-package="kr.or.ozz" />
	
	
	
</beans:beans>
